"","VarName","varTpe","Description"
"SUBJECTS","SUBJECTS","integer","dataDesc"
"SURGERY","SURGERY","character","dataDesc"
"AGE","AGE","integer","dataDesc"
"GENDER","GENDER","character","dataDesc"
"Group","Group","integer","dataDesc"
"MEDDM_T0","MEDDM_T0","integer","dataDesc"
"MEDCOL_T0","MEDCOL_T0","integer","dataDesc"
"MEDINF_T0","MEDINF_T0","integer","dataDesc"
"MEDHTA_T0","MEDHTA_T0","integer","dataDesc"
"GLU_T0","GLU_T0","integer","dataDesc"
"INS_T0","INS_T0","numeric","dataDesc"
"HOMA_T0","HOMA_T0","numeric","dataDesc"
"HBA1C_T0","HBA1C_T0","numeric","dataDesc"
"HBA1C.mmol.mol_T0","HBA1C.mmol.mol_T0","numeric","dataDesc"
"PESO_T0","PESO_T0","integer","dataDesc"
"bmi_T0","bmi_T0","numeric","dataDesc"
"CC_T0","CC_T0","numeric","dataDesc"
"CINT_T0","CINT_T0","integer","dataDesc"
"CAD_T0","CAD_T0","integer","dataDesc"
"TAD_T0","TAD_T0","integer","dataDesc"
"TAS_T0","TAS_T0","integer","dataDesc"
"TG_T0","TG_T0","integer","dataDesc"
"COL_T0","COL_T0","integer","dataDesc"
"LDL_T0","LDL_T0","numeric","dataDesc"
"HDL_T0","HDL_T0","integer","dataDesc"
"VLDL_T0","VLDL_T0","numeric","dataDesc"
"PCR_T0","PCR_T0","numeric","dataDesc"
"LEP_T0","LEP_T0","numeric","dataDesc"
"ADIPO_T0","ADIPO_T0","numeric","dataDesc"
"GOT_T0","GOT_T0","integer","dataDesc"
"GPT_T0","GPT_T0","integer","dataDesc"
"GGT_T0","GGT_T0","integer","dataDesc"
"URICO_T0","URICO_T0","numeric","dataDesc"
"CREAT_T0","CREAT_T0","numeric","dataDesc"
"UREA_T0","UREA_T0","integer","dataDesc"
"HIERRO_T0","HIERRO_T0","integer","dataDesc"
"TRANSF_T0","TRANSF_T0","integer","dataDesc"
"FERR_T0","FERR_T0","numeric","dataDesc"
"Ile_T0","Ile_T0","numeric","dataDesc"
"Leu_T0","Leu_T0","numeric","dataDesc"
"Val_T0","Val_T0","integer","dataDesc"
"Ala_T0","Ala_T0","integer","dataDesc"
"Pro_T0","Pro_T0","integer","dataDesc"
"Gly_T0","Gly_T0","integer","dataDesc"
"Ser_T0","Ser_T0","numeric","dataDesc"
"Trp_T0","Trp_T0","numeric","dataDesc"
"Phe_T0","Phe_T0","numeric","dataDesc"
"Met_T0","Met_T0","numeric","dataDesc"
"Orn_T0","Orn_T0","numeric","dataDesc"
"Arg_T0","Arg_T0","numeric","dataDesc"
"His_T0","His_T0","numeric","dataDesc"
"Asn_T0","Asn_T0","numeric","dataDesc"
"Asp_T0","Asp_T0","numeric","dataDesc"
"Glu_T0","Glu_T0","numeric","dataDesc"
"Gln_T0","Gln_T0","integer","dataDesc"
"Cit_T0","Cit_T0","numeric","dataDesc"
"Tyr_T0","Tyr_T0","numeric","dataDesc"
"Thr_T0","Thr_T0","numeric","dataDesc"
"Lys_T0","Lys_T0","integer","dataDesc"
"Creatinine_T0","Creatinine_T0","numeric","dataDesc"
"Kynurenine_T0","Kynurenine_T0","numeric","dataDesc"
"Putrescine_T0","Putrescine_T0","numeric","dataDesc"
"Sarcosine_T0","Sarcosine_T0","numeric","dataDesc"
"Serotonin_T0","Serotonin_T0","numeric","dataDesc"
"Taurine_T0","Taurine_T0","numeric","dataDesc"
"SDMA_T0","SDMA_T0","numeric","dataDesc"
"C0_T0","C0_T0","numeric","dataDesc"
"C2_T0","C2_T0","numeric","dataDesc"
"C3.OH_T0","C3.OH_T0","numeric","dataDesc"
"C6..C4.1.DC._T0","C6..C4.1.DC._T0","numeric","dataDesc"
"C5.DC..C6.OH._T0","C5.DC..C6.OH._T0","numeric","dataDesc"
"C7.DC_T0","C7.DC_T0","numeric","dataDesc"
"C8_T0","C8_T0","numeric","dataDesc"
"C10_T0","C10_T0","numeric","dataDesc"
"C10.1_T0","C10.1_T0","numeric","dataDesc"
"C10.2_T0","C10.2_T0","numeric","dataDesc"
"C14.1_T0","C14.1_T0","numeric","dataDesc"
"C14.2_T0","C14.2_T0","numeric","dataDesc"
"C16.1_T0","C16.1_T0","numeric","dataDesc"
"C16.2_T0","C16.2_T0","numeric","dataDesc"
"C16.2.OH_T0","C16.2.OH_T0","numeric","dataDesc"
"C18.1_T0","C18.1_T0","numeric","dataDesc"
"C18.1.OH_T0","C18.1.OH_T0","numeric","dataDesc"
"C18.2_T0","C18.2_T0","numeric","dataDesc"
"lysoPC.a.C16.0_T0","lysoPC.a.C16.0_T0","numeric","dataDesc"
"lysoPC.a.C16.1_T0","lysoPC.a.C16.1_T0","numeric","dataDesc"
"lysoPC.a.C17.0_T0","lysoPC.a.C17.0_T0","numeric","dataDesc"
"lysoPC.a.C18.0_T0","lysoPC.a.C18.0_T0","numeric","dataDesc"
"lysoPC.a.C18.1_T0","lysoPC.a.C18.1_T0","numeric","dataDesc"
"lysoPC.a.C18.2_T0","lysoPC.a.C18.2_T0","numeric","dataDesc"
"lysoPC.a.C20.3_T0","lysoPC.a.C20.3_T0","numeric","dataDesc"
"lysoPC.a.C20.4_T0","lysoPC.a.C20.4_T0","numeric","dataDesc"
"lysoPC.a.C24.0_T0","lysoPC.a.C24.0_T0","numeric","dataDesc"
"lysoPC.a.C26.0_T0","lysoPC.a.C26.0_T0","numeric","dataDesc"
"lysoPC.a.C26.1_T0","lysoPC.a.C26.1_T0","numeric","dataDesc"
"lysoPC.a.C28.0_T0","lysoPC.a.C28.0_T0","numeric","dataDesc"
"lysoPC.a.C28.1_T0","lysoPC.a.C28.1_T0","numeric","dataDesc"
"PC.aa.C24.0_T0","PC.aa.C24.0_T0","numeric","dataDesc"
"PC.aa.C28.1_T0","PC.aa.C28.1_T0","numeric","dataDesc"
"PC.aa.C30.0_T0","PC.aa.C30.0_T0","numeric","dataDesc"
"PC.aa.C32.0_T0","PC.aa.C32.0_T0","numeric","dataDesc"
"PC.aa.C32.1_T0","PC.aa.C32.1_T0","numeric","dataDesc"
"PC.aa.C32.3_T0","PC.aa.C32.3_T0","numeric","dataDesc"
"PC.aa.C34.1_T0","PC.aa.C34.1_T0","numeric","dataDesc"
"PC.aa.C34.2_T0","PC.aa.C34.2_T0","integer","dataDesc"
"PC.aa.C34.3_T0","PC.aa.C34.3_T0","numeric","dataDesc"
"PC.aa.C34.4_T0","PC.aa.C34.4_T0","numeric","dataDesc"
"PC.aa.C36.0_T0","PC.aa.C36.0_T0","numeric","dataDesc"
"PC.aa.C36.1_T0","PC.aa.C36.1_T0","numeric","dataDesc"
"PC.aa.C36.2_T0","PC.aa.C36.2_T0","numeric","dataDesc"
"PC.aa.C36.3_T0","PC.aa.C36.3_T0","numeric","dataDesc"
"PC.aa.C36.4_T0","PC.aa.C36.4_T0","numeric","dataDesc"
"PC.aa.C36.5_T0","PC.aa.C36.5_T0","numeric","dataDesc"
"PC.aa.C38.0_T0","PC.aa.C38.0_T0","numeric","dataDesc"
"PC.aa.C38.1_T0","PC.aa.C38.1_T0","numeric","dataDesc"
"PC.aa.C38.3_T0","PC.aa.C38.3_T0","numeric","dataDesc"
"PC.aa.C38.4_T0","PC.aa.C38.4_T0","numeric","dataDesc"
"PC.aa.C38.5_T0","PC.aa.C38.5_T0","numeric","dataDesc"
"PC.aa.C38.6_T0","PC.aa.C38.6_T0","numeric","dataDesc"
"PC.aa.C40.1_T0","PC.aa.C40.1_T0","numeric","dataDesc"
"PC.aa.C40.2_T0","PC.aa.C40.2_T0","numeric","dataDesc"
"PC.aa.C40.3_T0","PC.aa.C40.3_T0","numeric","dataDesc"
"PC.aa.C40.4_T0","PC.aa.C40.4_T0","numeric","dataDesc"
"PC.aa.C40.5_T0","PC.aa.C40.5_T0","numeric","dataDesc"
"PC.aa.C40.6_T0","PC.aa.C40.6_T0","numeric","dataDesc"
"PC.aa.C42.0_T0","PC.aa.C42.0_T0","numeric","dataDesc"
"PC.aa.C42.1_T0","PC.aa.C42.1_T0","numeric","dataDesc"
"PC.aa.C42.2_T0","PC.aa.C42.2_T0","numeric","dataDesc"
"PC.aa.C42.4_T0","PC.aa.C42.4_T0","numeric","dataDesc"
"PC.aa.C42.5_T0","PC.aa.C42.5_T0","numeric","dataDesc"
"PC.aa.C42.6_T0","PC.aa.C42.6_T0","numeric","dataDesc"
"PC.ae.C30.0_T0","PC.ae.C30.0_T0","numeric","dataDesc"
"PC.ae.C32.1_T0","PC.ae.C32.1_T0","numeric","dataDesc"
"PC.ae.C32.2_T0","PC.ae.C32.2_T0","numeric","dataDesc"
"PC.ae.C34.0_T0","PC.ae.C34.0_T0","numeric","dataDesc"
"PC.ae.C34.1_T0","PC.ae.C34.1_T0","numeric","dataDesc"
"PC.ae.C34.2_T0","PC.ae.C34.2_T0","numeric","dataDesc"
"PC.ae.C34.3_T0","PC.ae.C34.3_T0","numeric","dataDesc"
"PC.ae.C36.0_T0","PC.ae.C36.0_T0","numeric","dataDesc"
"PC.ae.C36.1_T0","PC.ae.C36.1_T0","numeric","dataDesc"
"PC.ae.C36.2_T0","PC.ae.C36.2_T0","numeric","dataDesc"
"PC.ae.C36.3_T0","PC.ae.C36.3_T0","numeric","dataDesc"
"PC.ae.C36.4_T0","PC.ae.C36.4_T0","numeric","dataDesc"
"PC.ae.C36.5_T0","PC.ae.C36.5_T0","numeric","dataDesc"
"PC.ae.C38.0_T0","PC.ae.C38.0_T0","numeric","dataDesc"
"PC.ae.C38.2_T0","PC.ae.C38.2_T0","numeric","dataDesc"
"PC.ae.C38.3_T0","PC.ae.C38.3_T0","numeric","dataDesc"
"PC.ae.C38.4_T0","PC.ae.C38.4_T0","numeric","dataDesc"
"PC.ae.C38.5_T0","PC.ae.C38.5_T0","numeric","dataDesc"
"PC.ae.C38.6_T0","PC.ae.C38.6_T0","numeric","dataDesc"
"PC.ae.C40.1_T0","PC.ae.C40.1_T0","numeric","dataDesc"
"PC.ae.C40.2_T0","PC.ae.C40.2_T0","numeric","dataDesc"
"PC.ae.C40.3_T0","PC.ae.C40.3_T0","numeric","dataDesc"
"PC.ae.C40.4_T0","PC.ae.C40.4_T0","numeric","dataDesc"
"PC.ae.C40.5_T0","PC.ae.C40.5_T0","numeric","dataDesc"
"PC.ae.C40.6_T0","PC.ae.C40.6_T0","numeric","dataDesc"
"PC.ae.C42.1_T0","PC.ae.C42.1_T0","numeric","dataDesc"
"PC.ae.C42.2_T0","PC.ae.C42.2_T0","numeric","dataDesc"
"PC.ae.C42.3_T0","PC.ae.C42.3_T0","numeric","dataDesc"
"PC.ae.C42.4_T0","PC.ae.C42.4_T0","numeric","dataDesc"
"PC.ae.C42.5_T0","PC.ae.C42.5_T0","numeric","dataDesc"
"PC.ae.C44.3_T0","PC.ae.C44.3_T0","numeric","dataDesc"
"PC.ae.C44.4_T0","PC.ae.C44.4_T0","numeric","dataDesc"
"PC.ae.C44.5_T0","PC.ae.C44.5_T0","numeric","dataDesc"
"PC.ae.C44.6_T0","PC.ae.C44.6_T0","numeric","dataDesc"
"SM..OH..C14.1_T0","SM..OH..C14.1_T0","numeric","dataDesc"
"SM..OH..C16.1_T0","SM..OH..C16.1_T0","numeric","dataDesc"
"SM..OH..C22.1_T0","SM..OH..C22.1_T0","numeric","dataDesc"
"SM..OH..C22.2_T0","SM..OH..C22.2_T0","numeric","dataDesc"
"SM..OH..C24.1_T0","SM..OH..C24.1_T0","numeric","dataDesc"
"SM.C16.0_T0","SM.C16.0_T0","numeric","dataDesc"
"SM.C16.1_T0","SM.C16.1_T0","numeric","dataDesc"
"SM.C18.0_T0","SM.C18.0_T0","numeric","dataDesc"
"SM.C18.1_T0","SM.C18.1_T0","numeric","dataDesc"
"SM.C20.2_T0","SM.C20.2_T0","numeric","dataDesc"
"SM.C24.0_T0","SM.C24.0_T0","numeric","dataDesc"
"SM.C24.1_T0","SM.C24.1_T0","numeric","dataDesc"
"MEDDM_T2","MEDDM_T2","integer","dataDesc"
"MEDCOL_T2","MEDCOL_T2","integer","dataDesc"
"MEDINF_T2","MEDINF_T2","integer","dataDesc"
"MEDHTA_T2","MEDHTA_T2","integer","dataDesc"
"GLU_T2","GLU_T2","integer","dataDesc"
"INS_T2","INS_T2","numeric","dataDesc"
"HOMA_T2","HOMA_T2","numeric","dataDesc"
"HBA1C_T2","HBA1C_T2","numeric","dataDesc"
"HBA1C.mmol.mol_T2","HBA1C.mmol.mol_T2","numeric","dataDesc"
"PESO_T2","PESO_T2","numeric","dataDesc"
"bmi_T2","bmi_T2","numeric","dataDesc"
"CC_T2","CC_T2","numeric","dataDesc"
"CINT_T2","CINT_T2","integer","dataDesc"
"CAD_T2","CAD_T2","integer","dataDesc"
"TAD_T2","TAD_T2","integer","dataDesc"
"TAS_T2","TAS_T2","integer","dataDesc"
"TG_T2","TG_T2","integer","dataDesc"
"COL_T2","COL_T2","integer","dataDesc"
"LDL_T2","LDL_T2","numeric","dataDesc"
"HDL_T2","HDL_T2","integer","dataDesc"
"VLDL_T2","VLDL_T2","numeric","dataDesc"
"PCR_T2","PCR_T2","numeric","dataDesc"
"LEP_T2","LEP_T2","numeric","dataDesc"
"ADIPO_T2","ADIPO_T2","numeric","dataDesc"
"GOT_T2","GOT_T2","integer","dataDesc"
"GPT_T2","GPT_T2","integer","dataDesc"
"GGT_T2","GGT_T2","integer","dataDesc"
"URICO_T2","URICO_T2","numeric","dataDesc"
"CREAT_T2","CREAT_T2","numeric","dataDesc"
"UREA_T2","UREA_T2","integer","dataDesc"
"HIERRO_T2","HIERRO_T2","integer","dataDesc"
"TRANSF_T2","TRANSF_T2","integer","dataDesc"
"FERR_T2","FERR_T2","numeric","dataDesc"
"Ile_T2","Ile_T2","numeric","dataDesc"
"Leu_T2","Leu_T2","numeric","dataDesc"
"Val_T2","Val_T2","integer","dataDesc"
"Ala_T2","Ala_T2","integer","dataDesc"
"Pro_T2","Pro_T2","numeric","dataDesc"
"Gly_T2","Gly_T2","integer","dataDesc"
"Ser_T2","Ser_T2","numeric","dataDesc"
"Trp_T2","Trp_T2","numeric","dataDesc"
"Phe_T2","Phe_T2","numeric","dataDesc"
"Met_T2","Met_T2","numeric","dataDesc"
"Orn_T2","Orn_T2","numeric","dataDesc"
"Arg_T2","Arg_T2","numeric","dataDesc"
"His_T2","His_T2","numeric","dataDesc"
"Asn_T2","Asn_T2","numeric","dataDesc"
"Asp_T2","Asp_T2","numeric","dataDesc"
"Glu_T2","Glu_T2","numeric","dataDesc"
"Gln_T2","Gln_T2","integer","dataDesc"
"Cit_T2","Cit_T2","numeric","dataDesc"
"Tyr_T2","Tyr_T2","numeric","dataDesc"
"Thr_T2","Thr_T2","numeric","dataDesc"
"Lys_T2","Lys_T2","integer","dataDesc"
"Creatinine_T2","Creatinine_T2","numeric","dataDesc"
"Kynurenine_T2","Kynurenine_T2","numeric","dataDesc"
"Putrescine_T2","Putrescine_T2","numeric","dataDesc"
"Sarcosine_T2","Sarcosine_T2","numeric","dataDesc"
"Serotonin_T2","Serotonin_T2","numeric","dataDesc"
"Taurine_T2","Taurine_T2","numeric","dataDesc"
"SDMA_T2","SDMA_T2","numeric","dataDesc"
"C0_T2","C0_T2","numeric","dataDesc"
"C2_T2","C2_T2","numeric","dataDesc"
"C3.OH_T2","C3.OH_T2","numeric","dataDesc"
"C6..C4.1.DC._T2","C6..C4.1.DC._T2","numeric","dataDesc"
"C5.DC..C6.OH._T2","C5.DC..C6.OH._T2","numeric","dataDesc"
"C7.DC_T2","C7.DC_T2","numeric","dataDesc"
"C8_T2","C8_T2","numeric","dataDesc"
"C10_T2","C10_T2","numeric","dataDesc"
"C10.1_T2","C10.1_T2","numeric","dataDesc"
"C10.2_T2","C10.2_T2","numeric","dataDesc"
"C14.1_T2","C14.1_T2","numeric","dataDesc"
"C14.2_T2","C14.2_T2","numeric","dataDesc"
"C16.1_T2","C16.1_T2","numeric","dataDesc"
"C16.2_T2","C16.2_T2","numeric","dataDesc"
"C16.2.OH_T2","C16.2.OH_T2","numeric","dataDesc"
"C18.1_T2","C18.1_T2","numeric","dataDesc"
"C18.1.OH_T2","C18.1.OH_T2","numeric","dataDesc"
"C18.2_T2","C18.2_T2","numeric","dataDesc"
"X","X","logical","dataDesc"
"lysoPC.a.C14.0_T2","lysoPC.a.C14.0_T2","numeric","dataDesc"
"lysoPC.a.C16.0_T2","lysoPC.a.C16.0_T2","numeric","dataDesc"
"lysoPC.a.C16.1_T2","lysoPC.a.C16.1_T2","numeric","dataDesc"
"lysoPC.a.C17.0_T2","lysoPC.a.C17.0_T2","numeric","dataDesc"
"lysoPC.a.C18.0_T2","lysoPC.a.C18.0_T2","numeric","dataDesc"
"lysoPC.a.C18.1_T2","lysoPC.a.C18.1_T2","numeric","dataDesc"
"lysoPC.a.C18.2_T2","lysoPC.a.C18.2_T2","numeric","dataDesc"
"lysoPC.a.C20.3_T2","lysoPC.a.C20.3_T2","numeric","dataDesc"
"lysoPC.a.C20.4_T2","lysoPC.a.C20.4_T2","numeric","dataDesc"
"lysoPC.a.C24.0_T2","lysoPC.a.C24.0_T2","numeric","dataDesc"
"lysoPC.a.C26.0_T2","lysoPC.a.C26.0_T2","numeric","dataDesc"
"lysoPC.a.C26.1_T2","lysoPC.a.C26.1_T2","numeric","dataDesc"
"lysoPC.a.C28.0_T2","lysoPC.a.C28.0_T2","numeric","dataDesc"
"lysoPC.a.C28.1_T2","lysoPC.a.C28.1_T2","numeric","dataDesc"
"PC.aa.C24.0_T2","PC.aa.C24.0_T2","numeric","dataDesc"
"PC.aa.C28.1_T2","PC.aa.C28.1_T2","numeric","dataDesc"
"PC.aa.C30.0_T2","PC.aa.C30.0_T2","numeric","dataDesc"
"PC.aa.C32.0_T2","PC.aa.C32.0_T2","numeric","dataDesc"
"PC.aa.C32.1_T2","PC.aa.C32.1_T2","numeric","dataDesc"
"PC.aa.C32.3_T2","PC.aa.C32.3_T2","numeric","dataDesc"
"PC.aa.C34.1_T2","PC.aa.C34.1_T2","numeric","dataDesc"
"PC.aa.C34.2_T2","PC.aa.C34.2_T2","integer","dataDesc"
"PC.aa.C34.3_T2","PC.aa.C34.3_T2","numeric","dataDesc"
"PC.aa.C34.4_T2","PC.aa.C34.4_T2","numeric","dataDesc"
"PC.aa.C36.0_T2","PC.aa.C36.0_T2","numeric","dataDesc"
"PC.aa.C36.1_T2","PC.aa.C36.1_T2","numeric","dataDesc"
"PC.aa.C36.2_T2","PC.aa.C36.2_T2","numeric","dataDesc"
"PC.aa.C36.3_T2","PC.aa.C36.3_T2","numeric","dataDesc"
"PC.aa.C36.4_T2","PC.aa.C36.4_T2","numeric","dataDesc"
"PC.aa.C36.5_T2","PC.aa.C36.5_T2","numeric","dataDesc"
"PC.aa.C38.0_T2","PC.aa.C38.0_T2","numeric","dataDesc"
"PC.aa.C38.1_T2","PC.aa.C38.1_T2","numeric","dataDesc"
"PC.aa.C38.3_T2","PC.aa.C38.3_T2","numeric","dataDesc"
"PC.aa.C38.4_T2","PC.aa.C38.4_T2","numeric","dataDesc"
"PC.aa.C38.5_T2","PC.aa.C38.5_T2","numeric","dataDesc"
"PC.aa.C38.6_T2","PC.aa.C38.6_T2","numeric","dataDesc"
"PC.aa.C40.1_T2","PC.aa.C40.1_T2","numeric","dataDesc"
"PC.aa.C40.2_T2","PC.aa.C40.2_T2","numeric","dataDesc"
"PC.aa.C40.3_T2","PC.aa.C40.3_T2","numeric","dataDesc"
"PC.aa.C40.4_T2","PC.aa.C40.4_T2","numeric","dataDesc"
"PC.aa.C40.5_T2","PC.aa.C40.5_T2","numeric","dataDesc"
"PC.aa.C40.6_T2","PC.aa.C40.6_T2","numeric","dataDesc"
"PC.aa.C42.0_T2","PC.aa.C42.0_T2","numeric","dataDesc"
"PC.aa.C42.1_T2","PC.aa.C42.1_T2","numeric","dataDesc"
"PC.aa.C42.2_T2","PC.aa.C42.2_T2","numeric","dataDesc"
"PC.aa.C42.4_T2","PC.aa.C42.4_T2","numeric","dataDesc"
"PC.aa.C42.5_T2","PC.aa.C42.5_T2","numeric","dataDesc"
"PC.aa.C42.6_T2","PC.aa.C42.6_T2","numeric","dataDesc"
"PC.ae.C30.0_T2","PC.ae.C30.0_T2","numeric","dataDesc"
"PC.ae.C32.1_T2","PC.ae.C32.1_T2","numeric","dataDesc"
"PC.ae.C32.2_T2","PC.ae.C32.2_T2","numeric","dataDesc"
"PC.ae.C34.0_T2","PC.ae.C34.0_T2","numeric","dataDesc"
"PC.ae.C34.1_T2","PC.ae.C34.1_T2","numeric","dataDesc"
"PC.ae.C34.2_T2","PC.ae.C34.2_T2","numeric","dataDesc"
"PC.ae.C34.3_T2","PC.ae.C34.3_T2","numeric","dataDesc"
"PC.ae.C36.0_T2","PC.ae.C36.0_T2","numeric","dataDesc"
"PC.ae.C36.1_T2","PC.ae.C36.1_T2","numeric","dataDesc"
"PC.ae.C36.2_T2","PC.ae.C36.2_T2","numeric","dataDesc"
"PC.ae.C36.3_T2","PC.ae.C36.3_T2","numeric","dataDesc"
"PC.ae.C36.4_T2","PC.ae.C36.4_T2","numeric","dataDesc"
"PC.ae.C36.5_T2","PC.ae.C36.5_T2","numeric","dataDesc"
"PC.ae.C38.0_T2","PC.ae.C38.0_T2","numeric","dataDesc"
"PC.ae.C38.2_T2","PC.ae.C38.2_T2","numeric","dataDesc"
"PC.ae.C38.3_T2","PC.ae.C38.3_T2","numeric","dataDesc"
"PC.ae.C38.4_T2","PC.ae.C38.4_T2","numeric","dataDesc"
"PC.ae.C38.5_T2","PC.ae.C38.5_T2","numeric","dataDesc"
"PC.ae.C38.6_T2","PC.ae.C38.6_T2","numeric","dataDesc"
"PC.ae.C40.1_T2","PC.ae.C40.1_T2","numeric","dataDesc"
"PC.ae.C40.2_T2","PC.ae.C40.2_T2","numeric","dataDesc"
"PC.ae.C40.3_T2","PC.ae.C40.3_T2","numeric","dataDesc"
"PC.ae.C40.4_T2","PC.ae.C40.4_T2","numeric","dataDesc"
"PC.ae.C40.5_T2","PC.ae.C40.5_T2","numeric","dataDesc"
"PC.ae.C40.6_T2","PC.ae.C40.6_T2","numeric","dataDesc"
"PC.ae.C42.1_T2","PC.ae.C42.1_T2","numeric","dataDesc"
"PC.ae.C42.2_T2","PC.ae.C42.2_T2","numeric","dataDesc"
"PC.ae.C42.3_T2","PC.ae.C42.3_T2","numeric","dataDesc"
"PC.ae.C42.4_T2","PC.ae.C42.4_T2","numeric","dataDesc"
"PC.ae.C42.5_T2","PC.ae.C42.5_T2","numeric","dataDesc"
"PC.ae.C44.3_T2","PC.ae.C44.3_T2","numeric","dataDesc"
"PC.ae.C44.4_T2","PC.ae.C44.4_T2","numeric","dataDesc"
"PC.ae.C44.5_T2","PC.ae.C44.5_T2","numeric","dataDesc"
"PC.ae.C44.6_T2","PC.ae.C44.6_T2","numeric","dataDesc"
"SM..OH..C14.1_T2","SM..OH..C14.1_T2","numeric","dataDesc"
"SM..OH..C16.1_T2","SM..OH..C16.1_T2","numeric","dataDesc"
"SM..OH..C22.1_T2","SM..OH..C22.1_T2","numeric","dataDesc"
"SM..OH..C22.2_T2","SM..OH..C22.2_T2","numeric","dataDesc"
"SM..OH..C24.1_T2","SM..OH..C24.1_T2","numeric","dataDesc"
"SM.C16.0_T2","SM.C16.0_T2","numeric","dataDesc"
"SM.C16.1_T2","SM.C16.1_T2","numeric","dataDesc"
"SM.C18.0_T2","SM.C18.0_T2","numeric","dataDesc"
"SM.C18.1_T2","SM.C18.1_T2","numeric","dataDesc"
"SM.C20.2_T2","SM.C20.2_T2","numeric","dataDesc"
"SM.C24.0_T2","SM.C24.0_T2","numeric","dataDesc"
"SM.C24.1_T2","SM.C24.1_T2","numeric","dataDesc"
"MEDDM_T4","MEDDM_T4","integer","dataDesc"
"MEDCOL_T4","MEDCOL_T4","integer","dataDesc"
"MEDINF_T4","MEDINF_T4","integer","dataDesc"
"MEDHTA_T4","MEDHTA_T4","integer","dataDesc"
"GLU_T4","GLU_T4","integer","dataDesc"
"INS_T4","INS_T4","numeric","dataDesc"
"HOMA_T4","HOMA_T4","numeric","dataDesc"
"HBA1C_T4","HBA1C_T4","numeric","dataDesc"
"HBA1C.mmol.mol_T4","HBA1C.mmol.mol_T4","numeric","dataDesc"
"PESO_T4","PESO_T4","numeric","dataDesc"
"bmi_T4","bmi_T4","numeric","dataDesc"
"CC_T4","CC_T4","numeric","dataDesc"
"CINT_T4","CINT_T4","integer","dataDesc"
"CAD_T4","CAD_T4","integer","dataDesc"
"TAD_T4","TAD_T4","integer","dataDesc"
"TAS_T4","TAS_T4","integer","dataDesc"
"TG_T4","TG_T4","integer","dataDesc"
"COL_T4","COL_T4","integer","dataDesc"
"LDL_T4","LDL_T4","numeric","dataDesc"
"HDL_T4","HDL_T4","integer","dataDesc"
"VLDL_T4","VLDL_T4","numeric","dataDesc"
"PCR_T4","PCR_T4","numeric","dataDesc"
"LEP_T4","LEP_T4","numeric","dataDesc"
"ADIPO_T4","ADIPO_T4","numeric","dataDesc"
"GOT_T4","GOT_T4","integer","dataDesc"
"GPT_T4","GPT_T4","integer","dataDesc"
"GGT_T4","GGT_T4","integer","dataDesc"
"URICO_T4","URICO_T4","numeric","dataDesc"
"CREAT_T4","CREAT_T4","numeric","dataDesc"
"UREA_T4","UREA_T4","numeric","dataDesc"
"HIERRO_T4","HIERRO_T4","integer","dataDesc"
"TRANSF_T4","TRANSF_T4","integer","dataDesc"
"FERR_T4","FERR_T4","numeric","dataDesc"
"Ile_T4","Ile_T4","numeric","dataDesc"
"Leu_T4","Leu_T4","numeric","dataDesc"
"Val_T4","Val_T4","integer","dataDesc"
"Ala_T4","Ala_T4","integer","dataDesc"
"Pro_T4","Pro_T4","integer","dataDesc"
"Gly_T4","Gly_T4","integer","dataDesc"
"Ser_T4","Ser_T4","numeric","dataDesc"
"Trp_T4","Trp_T4","numeric","dataDesc"
"Phe_T4","Phe_T4","numeric","dataDesc"
"Met_T4","Met_T4","numeric","dataDesc"
"Orn_T4","Orn_T4","numeric","dataDesc"
"Arg_T4","Arg_T4","numeric","dataDesc"
"His_T4","His_T4","numeric","dataDesc"
"Asn_T4","Asn_T4","numeric","dataDesc"
"Asp_T4","Asp_T4","numeric","dataDesc"
"Glu_T4","Glu_T4","numeric","dataDesc"
"Gln_T4","Gln_T4","integer","dataDesc"
"Cit_T4","Cit_T4","numeric","dataDesc"
"Tyr_T4","Tyr_T4","numeric","dataDesc"
"Thr_T4","Thr_T4","numeric","dataDesc"
"Lys_T4","Lys_T4","integer","dataDesc"
"Creatinine_T4","Creatinine_T4","numeric","dataDesc"
"Kynurenine_T4","Kynurenine_T4","numeric","dataDesc"
"Putrescine_T4","Putrescine_T4","numeric","dataDesc"
"Sarcosine_T4","Sarcosine_T4","numeric","dataDesc"
"Serotonin_T4","Serotonin_T4","numeric","dataDesc"
"Taurine_T4","Taurine_T4","numeric","dataDesc"
"SDMA_T4","SDMA_T4","numeric","dataDesc"
"C0_T4","C0_T4","numeric","dataDesc"
"C2_T4","C2_T4","numeric","dataDesc"
"C3.OH_T4","C3.OH_T4","numeric","dataDesc"
"C6..C4.1.DC._T4","C6..C4.1.DC._T4","numeric","dataDesc"
"C5.DC..C6.OH._T4","C5.DC..C6.OH._T4","numeric","dataDesc"
"C7.DC_T4","C7.DC_T4","numeric","dataDesc"
"C8_T4","C8_T4","numeric","dataDesc"
"C10_T4","C10_T4","numeric","dataDesc"
"C10.1_T4","C10.1_T4","numeric","dataDesc"
"C10.2_T4","C10.2_T4","numeric","dataDesc"
"C14.1_T4","C14.1_T4","numeric","dataDesc"
"C14.2_T4","C14.2_T4","numeric","dataDesc"
"C16.1_T4","C16.1_T4","numeric","dataDesc"
"C16.2_T4","C16.2_T4","numeric","dataDesc"
"C16.2.OH_T4","C16.2.OH_T4","numeric","dataDesc"
"C18.1_T4","C18.1_T4","numeric","dataDesc"
"C18.1.OH_T4","C18.1.OH_T4","numeric","dataDesc"
"C18.2_T4","C18.2_T4","numeric","dataDesc"
"lysoPC.a.C16.0_T4","lysoPC.a.C16.0_T4","numeric","dataDesc"
"lysoPC.a.C16.1_T4","lysoPC.a.C16.1_T4","numeric","dataDesc"
"lysoPC.a.C17.0_T4","lysoPC.a.C17.0_T4","numeric","dataDesc"
"lysoPC.a.C18.0_T4","lysoPC.a.C18.0_T4","numeric","dataDesc"
"lysoPC.a.C18.1_T4","lysoPC.a.C18.1_T4","numeric","dataDesc"
"lysoPC.a.C18.2_T4","lysoPC.a.C18.2_T4","numeric","dataDesc"
"lysoPC.a.C20.3_T4","lysoPC.a.C20.3_T4","numeric","dataDesc"
"lysoPC.a.C20.4_T4","lysoPC.a.C20.4_T4","numeric","dataDesc"
"lysoPC.a.C24.0_T4","lysoPC.a.C24.0_T4","numeric","dataDesc"
"lysoPC.a.C26.0_T4","lysoPC.a.C26.0_T4","numeric","dataDesc"
"lysoPC.a.C26.1_T4","lysoPC.a.C26.1_T4","numeric","dataDesc"
"lysoPC.a.C28.0_T4","lysoPC.a.C28.0_T4","numeric","dataDesc"
"lysoPC.a.C28.1_T4","lysoPC.a.C28.1_T4","numeric","dataDesc"
"PC.aa.C24.0_T4","PC.aa.C24.0_T4","numeric","dataDesc"
"PC.aa.C28.1_T4","PC.aa.C28.1_T4","numeric","dataDesc"
"PC.aa.C30.0_T4","PC.aa.C30.0_T4","numeric","dataDesc"
"PC.aa.C32.0_T4","PC.aa.C32.0_T4","numeric","dataDesc"
"PC.aa.C32.1_T4","PC.aa.C32.1_T4","numeric","dataDesc"
"PC.aa.C32.3_T4","PC.aa.C32.3_T4","numeric","dataDesc"
"PC.aa.C34.1_T4","PC.aa.C34.1_T4","numeric","dataDesc"
"PC.aa.C34.2_T4","PC.aa.C34.2_T4","integer","dataDesc"
"PC.aa.C34.3_T4","PC.aa.C34.3_T4","numeric","dataDesc"
"PC.aa.C34.4_T4","PC.aa.C34.4_T4","numeric","dataDesc"
"PC.aa.C36.0_T4","PC.aa.C36.0_T4","numeric","dataDesc"
"PC.aa.C36.1_T4","PC.aa.C36.1_T4","numeric","dataDesc"
"PC.aa.C36.2_T4","PC.aa.C36.2_T4","numeric","dataDesc"
"PC.aa.C36.3_T4","PC.aa.C36.3_T4","numeric","dataDesc"
"PC.aa.C36.4_T4","PC.aa.C36.4_T4","numeric","dataDesc"
"PC.aa.C36.5_T4","PC.aa.C36.5_T4","numeric","dataDesc"
"PC.aa.C38.0_T4","PC.aa.C38.0_T4","numeric","dataDesc"
"PC.aa.C38.1_T4","PC.aa.C38.1_T4","numeric","dataDesc"
"PC.aa.C38.3_T4","PC.aa.C38.3_T4","numeric","dataDesc"
"PC.aa.C38.4_T4","PC.aa.C38.4_T4","numeric","dataDesc"
"PC.aa.C38.5_T4","PC.aa.C38.5_T4","numeric","dataDesc"
"PC.aa.C38.6_T4","PC.aa.C38.6_T4","numeric","dataDesc"
"PC.aa.C40.1_T4","PC.aa.C40.1_T4","numeric","dataDesc"
"PC.aa.C40.2_T4","PC.aa.C40.2_T4","numeric","dataDesc"
"PC.aa.C40.3_T4","PC.aa.C40.3_T4","numeric","dataDesc"
"PC.aa.C40.4_T4","PC.aa.C40.4_T4","numeric","dataDesc"
"PC.aa.C40.5_T4","PC.aa.C40.5_T4","numeric","dataDesc"
"PC.aa.C40.6_T4","PC.aa.C40.6_T4","numeric","dataDesc"
"PC.aa.C42.0_T4","PC.aa.C42.0_T4","numeric","dataDesc"
"PC.aa.C42.1_T4","PC.aa.C42.1_T4","numeric","dataDesc"
"PC.aa.C42.2_T4","PC.aa.C42.2_T4","numeric","dataDesc"
"PC.aa.C42.4_T4","PC.aa.C42.4_T4","numeric","dataDesc"
"PC.aa.C42.5_T4","PC.aa.C42.5_T4","numeric","dataDesc"
"PC.aa.C42.6_T4","PC.aa.C42.6_T4","numeric","dataDesc"
"PC.ae.C30.0_T4","PC.ae.C30.0_T4","numeric","dataDesc"
"PC.ae.C32.1_T4","PC.ae.C32.1_T4","numeric","dataDesc"
"PC.ae.C32.2_T4","PC.ae.C32.2_T4","numeric","dataDesc"
"PC.ae.C34.0_T4","PC.ae.C34.0_T4","numeric","dataDesc"
"PC.ae.C34.1_T4","PC.ae.C34.1_T4","numeric","dataDesc"
"PC.ae.C34.2_T4","PC.ae.C34.2_T4","numeric","dataDesc"
"PC.ae.C34.3_T4","PC.ae.C34.3_T4","numeric","dataDesc"
"PC.ae.C36.0_T4","PC.ae.C36.0_T4","numeric","dataDesc"
"PC.ae.C36.1_T4","PC.ae.C36.1_T4","numeric","dataDesc"
"PC.ae.C36.2_T4","PC.ae.C36.2_T4","numeric","dataDesc"
"PC.ae.C36.3_T4","PC.ae.C36.3_T4","numeric","dataDesc"
"PC.ae.C36.4_T4","PC.ae.C36.4_T4","numeric","dataDesc"
"PC.ae.C36.5_T4","PC.ae.C36.5_T4","numeric","dataDesc"
"PC.ae.C38.0_T4","PC.ae.C38.0_T4","numeric","dataDesc"
"PC.ae.C38.2_T4","PC.ae.C38.2_T4","numeric","dataDesc"
"PC.ae.C38.3_T4","PC.ae.C38.3_T4","numeric","dataDesc"
"PC.ae.C38.4_T4","PC.ae.C38.4_T4","numeric","dataDesc"
"PC.ae.C38.5_T4","PC.ae.C38.5_T4","numeric","dataDesc"
"PC.ae.C38.6_T4","PC.ae.C38.6_T4","numeric","dataDesc"
"PC.ae.C40.1_T4","PC.ae.C40.1_T4","numeric","dataDesc"
"PC.ae.C40.2_T4","PC.ae.C40.2_T4","numeric","dataDesc"
"PC.ae.C40.3_T4","PC.ae.C40.3_T4","numeric","dataDesc"
"PC.ae.C40.4_T4","PC.ae.C40.4_T4","numeric","dataDesc"
"PC.ae.C40.5_T4","PC.ae.C40.5_T4","numeric","dataDesc"
"PC.ae.C40.6_T4","PC.ae.C40.6_T4","numeric","dataDesc"
"PC.ae.C42.1_T4","PC.ae.C42.1_T4","numeric","dataDesc"
"PC.ae.C42.2_T4","PC.ae.C42.2_T4","numeric","dataDesc"
"PC.ae.C42.3_T4","PC.ae.C42.3_T4","numeric","dataDesc"
"PC.ae.C42.4_T4","PC.ae.C42.4_T4","numeric","dataDesc"
"PC.ae.C42.5_T4","PC.ae.C42.5_T4","numeric","dataDesc"
"PC.ae.C44.3_T4","PC.ae.C44.3_T4","numeric","dataDesc"
"PC.ae.C44.4_T4","PC.ae.C44.4_T4","numeric","dataDesc"
"PC.ae.C44.5_T4","PC.ae.C44.5_T4","numeric","dataDesc"
"PC.ae.C44.6_T4","PC.ae.C44.6_T4","numeric","dataDesc"
"SM..OH..C14.1_T4","SM..OH..C14.1_T4","numeric","dataDesc"
"SM..OH..C16.1_T4","SM..OH..C16.1_T4","numeric","dataDesc"
"SM..OH..C22.1_T4","SM..OH..C22.1_T4","numeric","dataDesc"
"SM..OH..C22.2_T4","SM..OH..C22.2_T4","numeric","dataDesc"
"SM..OH..C24.1_T4","SM..OH..C24.1_T4","numeric","dataDesc"
"SM.C16.0_T4","SM.C16.0_T4","numeric","dataDesc"
"SM.C16.1_T4","SM.C16.1_T4","numeric","dataDesc"
"SM.C18.0_T4","SM.C18.0_T4","numeric","dataDesc"
"SM.C18.1_T4","SM.C18.1_T4","numeric","dataDesc"
"SM.C20.2_T4","SM.C20.2_T4","numeric","dataDesc"
"SM.C24.0_T4","SM.C24.0_T4","numeric","dataDesc"
"SM.C24.1_T4","SM.C24.1_T4","numeric","dataDesc"
"MEDDM_T5","MEDDM_T5","integer","dataDesc"
"MEDCOL_T5","MEDCOL_T5","integer","dataDesc"
"MEDINF_T5","MEDINF_T5","integer","dataDesc"
"MEDHTA_T5","MEDHTA_T5","integer","dataDesc"
"GLU_T5","GLU_T5","integer","dataDesc"
"INS_T5","INS_T5","numeric","dataDesc"
"HOMA_T5","HOMA_T5","numeric","dataDesc"
"HBA1C_T5","HBA1C_T5","numeric","dataDesc"
"HBA1C.mmol.mol_T5","HBA1C.mmol.mol_T5","numeric","dataDesc"
"PESO_T5","PESO_T5","numeric","dataDesc"
"bmi_T5","bmi_T5","numeric","dataDesc"
"CC_T5","CC_T5","numeric","dataDesc"
"CINT_T5","CINT_T5","numeric","dataDesc"
"CAD_T5","CAD_T5","integer","dataDesc"
"TAD_T5","TAD_T5","integer","dataDesc"
"TAS_T5","TAS_T5","integer","dataDesc"
"TG_T5","TG_T5","integer","dataDesc"
"COL_T5","COL_T5","integer","dataDesc"
"LDL_T5","LDL_T5","numeric","dataDesc"
"HDL_T5","HDL_T5","integer","dataDesc"
"VLDL_T5","VLDL_T5","numeric","dataDesc"
"PCR_T5","PCR_T5","numeric","dataDesc"
"LEP_T5","LEP_T5","numeric","dataDesc"
"ADIPO_T5","ADIPO_T5","numeric","dataDesc"
"GOT_T5","GOT_T5","integer","dataDesc"
"GPT_T5","GPT_T5","integer","dataDesc"
"GGT_T5","GGT_T5","integer","dataDesc"
"URICO_T5","URICO_T5","numeric","dataDesc"
"CREAT_T5","CREAT_T5","numeric","dataDesc"
"UREA_T5","UREA_T5","integer","dataDesc"
"HIERRO_T5","HIERRO_T5","integer","dataDesc"
"TRANSF_T5","TRANSF_T5","integer","dataDesc"
"FERR_T5","FERR_T5","numeric","dataDesc"
"Ile_T5","Ile_T5","numeric","dataDesc"
"Leu_T5","Leu_T5","numeric","dataDesc"
"Val_T5","Val_T5","numeric","dataDesc"
"Ala_T5","Ala_T5","integer","dataDesc"
"Pro_T5","Pro_T5","integer","dataDesc"
"Gly_T5","Gly_T5","integer","dataDesc"
"Ser_T5","Ser_T5","integer","dataDesc"
"Trp_T5","Trp_T5","numeric","dataDesc"
"Phe_T5","Phe_T5","numeric","dataDesc"
"Met_T5","Met_T5","numeric","dataDesc"
"Orn_T5","Orn_T5","numeric","dataDesc"
"Arg_T5","Arg_T5","numeric","dataDesc"
"His_T5","His_T5","numeric","dataDesc"
"Asn_T5","Asn_T5","numeric","dataDesc"
"Asp_T5","Asp_T5","numeric","dataDesc"
"Glu_T5","Glu_T5","numeric","dataDesc"
"Gln_T5","Gln_T5","integer","dataDesc"
"Cit_T5","Cit_T5","numeric","dataDesc"
"Tyr_T5","Tyr_T5","numeric","dataDesc"
"Thr_T5","Thr_T5","numeric","dataDesc"
"Lys_T5","Lys_T5","integer","dataDesc"
"Creatinine_T5","Creatinine_T5","numeric","dataDesc"
"Kynurenine_T5","Kynurenine_T5","numeric","dataDesc"
"Putrescine_T5","Putrescine_T5","numeric","dataDesc"
"Sarcosine_T5","Sarcosine_T5","numeric","dataDesc"
"Serotonin_T5","Serotonin_T5","numeric","dataDesc"
"Taurine_T5","Taurine_T5","numeric","dataDesc"
"SDMA_T5","SDMA_T5","numeric","dataDesc"
"C0_T5","C0_T5","numeric","dataDesc"
"C2_T5","C2_T5","numeric","dataDesc"
"C3.OH_T5","C3.OH_T5","numeric","dataDesc"
"C6..C4.1.DC._T5","C6..C4.1.DC._T5","numeric","dataDesc"
"C5.DC..C6.OH._T5","C5.DC..C6.OH._T5","numeric","dataDesc"
"C7.DC_T5","C7.DC_T5","numeric","dataDesc"
"C8_T5","C8_T5","numeric","dataDesc"
"C10_T5","C10_T5","numeric","dataDesc"
"C10.1_T5","C10.1_T5","numeric","dataDesc"
"C10.2_T5","C10.2_T5","numeric","dataDesc"
"C14.1_T5","C14.1_T5","numeric","dataDesc"
"C14.2_T5","C14.2_T5","numeric","dataDesc"
"C16.1_T5","C16.1_T5","numeric","dataDesc"
"C16.2_T5","C16.2_T5","numeric","dataDesc"
"C16.2.OH_T5","C16.2.OH_T5","numeric","dataDesc"
"C18.1_T5","C18.1_T5","numeric","dataDesc"
"C18.1.OH_T5","C18.1.OH_T5","numeric","dataDesc"
"C18.2_T5","C18.2_T5","numeric","dataDesc"
"lysoPC.a.C16.0_T5","lysoPC.a.C16.0_T5","numeric","dataDesc"
"lysoPC.a.C16.1_T5","lysoPC.a.C16.1_T5","numeric","dataDesc"
"lysoPC.a.C17.0_T5","lysoPC.a.C17.0_T5","numeric","dataDesc"
"lysoPC.a.C18.0_T5","lysoPC.a.C18.0_T5","numeric","dataDesc"
"lysoPC.a.C18.1_T5","lysoPC.a.C18.1_T5","numeric","dataDesc"
"lysoPC.a.C18.2_T5","lysoPC.a.C18.2_T5","numeric","dataDesc"
"lysoPC.a.C20.3_T5","lysoPC.a.C20.3_T5","numeric","dataDesc"
"lysoPC.a.C20.4_T5","lysoPC.a.C20.4_T5","numeric","dataDesc"
"lysoPC.a.C24.0_T5","lysoPC.a.C24.0_T5","numeric","dataDesc"
"lysoPC.a.C26.0_T5","lysoPC.a.C26.0_T5","numeric","dataDesc"
"lysoPC.a.C26.1_T5","lysoPC.a.C26.1_T5","numeric","dataDesc"
"lysoPC.a.C28.0_T5","lysoPC.a.C28.0_T5","numeric","dataDesc"
"lysoPC.a.C28.1_T5","lysoPC.a.C28.1_T5","numeric","dataDesc"
"PC.aa.C24.0_T5","PC.aa.C24.0_T5","numeric","dataDesc"
"PC.aa.C28.1_T5","PC.aa.C28.1_T5","numeric","dataDesc"
"PC.aa.C30.0_T5","PC.aa.C30.0_T5","numeric","dataDesc"
"PC.aa.C32.0_T5","PC.aa.C32.0_T5","numeric","dataDesc"
"PC.aa.C32.1_T5","PC.aa.C32.1_T5","numeric","dataDesc"
"PC.aa.C32.3_T5","PC.aa.C32.3_T5","numeric","dataDesc"
"PC.aa.C34.1_T5","PC.aa.C34.1_T5","numeric","dataDesc"
"PC.aa.C34.2_T5","PC.aa.C34.2_T5","integer","dataDesc"
"PC.aa.C34.3_T5","PC.aa.C34.3_T5","numeric","dataDesc"
"PC.aa.C34.4_T5","PC.aa.C34.4_T5","numeric","dataDesc"
"PC.aa.C36.0_T5","PC.aa.C36.0_T5","numeric","dataDesc"
"PC.aa.C36.1_T5","PC.aa.C36.1_T5","numeric","dataDesc"
"PC.aa.C36.2_T5","PC.aa.C36.2_T5","numeric","dataDesc"
"PC.aa.C36.3_T5","PC.aa.C36.3_T5","numeric","dataDesc"
"PC.aa.C36.4_T5","PC.aa.C36.4_T5","numeric","dataDesc"
"PC.aa.C36.5_T5","PC.aa.C36.5_T5","numeric","dataDesc"
"PC.aa.C38.0_T5","PC.aa.C38.0_T5","numeric","dataDesc"
"PC.aa.C38.1_T5","PC.aa.C38.1_T5","numeric","dataDesc"
"PC.aa.C38.3_T5","PC.aa.C38.3_T5","numeric","dataDesc"
"PC.aa.C38.4_T5","PC.aa.C38.4_T5","numeric","dataDesc"
"PC.aa.C38.5_T5","PC.aa.C38.5_T5","numeric","dataDesc"
"PC.aa.C38.6_T5","PC.aa.C38.6_T5","numeric","dataDesc"
"PC.aa.C40.1_T5","PC.aa.C40.1_T5","numeric","dataDesc"
"PC.aa.C40.2_T5","PC.aa.C40.2_T5","numeric","dataDesc"
"PC.aa.C40.3_T5","PC.aa.C40.3_T5","numeric","dataDesc"
"PC.aa.C40.4_T5","PC.aa.C40.4_T5","numeric","dataDesc"
"PC.aa.C40.5_T5","PC.aa.C40.5_T5","numeric","dataDesc"
"PC.aa.C40.6_T5","PC.aa.C40.6_T5","numeric","dataDesc"
"PC.aa.C42.0_T5","PC.aa.C42.0_T5","numeric","dataDesc"
"PC.aa.C42.1_T5","PC.aa.C42.1_T5","numeric","dataDesc"
"PC.aa.C42.2_T5","PC.aa.C42.2_T5","numeric","dataDesc"
"PC.aa.C42.4_T5","PC.aa.C42.4_T5","numeric","dataDesc"
"PC.aa.C42.5_T5","PC.aa.C42.5_T5","numeric","dataDesc"
"PC.aa.C42.6_T5","PC.aa.C42.6_T5","numeric","dataDesc"
"PC.ae.C30.0_T5","PC.ae.C30.0_T5","numeric","dataDesc"
"PC.ae.C32.1_T5","PC.ae.C32.1_T5","numeric","dataDesc"
"PC.ae.C32.2_T5","PC.ae.C32.2_T5","numeric","dataDesc"
"PC.ae.C34.0_T5","PC.ae.C34.0_T5","numeric","dataDesc"
"PC.ae.C34.1_T5","PC.ae.C34.1_T5","numeric","dataDesc"
"PC.ae.C34.2_T5","PC.ae.C34.2_T5","numeric","dataDesc"
"PC.ae.C34.3_T5","PC.ae.C34.3_T5","numeric","dataDesc"
"PC.ae.C36.0_T5","PC.ae.C36.0_T5","numeric","dataDesc"
"PC.ae.C36.1_T5","PC.ae.C36.1_T5","numeric","dataDesc"
"PC.ae.C36.2_T5","PC.ae.C36.2_T5","numeric","dataDesc"
"PC.ae.C36.3_T5","PC.ae.C36.3_T5","numeric","dataDesc"
"PC.ae.C36.4_T5","PC.ae.C36.4_T5","numeric","dataDesc"
"PC.ae.C36.5_T5","PC.ae.C36.5_T5","numeric","dataDesc"
"PC.ae.C38.0_T5","PC.ae.C38.0_T5","numeric","dataDesc"
"PC.ae.C38.2_T5","PC.ae.C38.2_T5","numeric","dataDesc"
"PC.ae.C38.3_T5","PC.ae.C38.3_T5","numeric","dataDesc"
"PC.ae.C38.4_T5","PC.ae.C38.4_T5","numeric","dataDesc"
"PC.ae.C38.5_T5","PC.ae.C38.5_T5","numeric","dataDesc"
"PC.ae.C38.6_T5","PC.ae.C38.6_T5","numeric","dataDesc"
"PC.ae.C40.1_T5","PC.ae.C40.1_T5","numeric","dataDesc"
"PC.ae.C40.2_T5","PC.ae.C40.2_T5","numeric","dataDesc"
"PC.ae.C40.3_T5","PC.ae.C40.3_T5","numeric","dataDesc"
"PC.ae.C40.4_T5","PC.ae.C40.4_T5","numeric","dataDesc"
"PC.ae.C40.5_T5","PC.ae.C40.5_T5","numeric","dataDesc"
"PC.ae.C40.6_T5","PC.ae.C40.6_T5","numeric","dataDesc"
"PC.ae.C42.1_T5","PC.ae.C42.1_T5","numeric","dataDesc"
"PC.ae.C42.2_T5","PC.ae.C42.2_T5","numeric","dataDesc"
"PC.ae.C42.3_T5","PC.ae.C42.3_T5","numeric","dataDesc"
"PC.ae.C42.4_T5","PC.ae.C42.4_T5","numeric","dataDesc"
"PC.ae.C42.5_T5","PC.ae.C42.5_T5","numeric","dataDesc"
"PC.ae.C44.3_T5","PC.ae.C44.3_T5","numeric","dataDesc"
"PC.ae.C44.4_T5","PC.ae.C44.4_T5","numeric","dataDesc"
"PC.ae.C44.5_T5","PC.ae.C44.5_T5","numeric","dataDesc"
"PC.ae.C44.6_T5","PC.ae.C44.6_T5","numeric","dataDesc"
"SM..OH..C14.1_T5","SM..OH..C14.1_T5","numeric","dataDesc"
"SM..OH..C16.1_T5","SM..OH..C16.1_T5","numeric","dataDesc"
"SM..OH..C22.1_T5","SM..OH..C22.1_T5","numeric","dataDesc"
"SM..OH..C22.2_T5","SM..OH..C22.2_T5","numeric","dataDesc"
"SM..OH..C24.1_T5","SM..OH..C24.1_T5","numeric","dataDesc"
"SM.C16.0_T5","SM.C16.0_T5","numeric","dataDesc"
"SM.C16.1_T5","SM.C16.1_T5","numeric","dataDesc"
"SM.C18.0_T5","SM.C18.0_T5","numeric","dataDesc"
"SM.C18.1_T5","SM.C18.1_T5","numeric","dataDesc"
"SM.C20.2_T5","SM.C20.2_T5","numeric","dataDesc"
"SM.C24.0_T5","SM.C24.0_T5","numeric","dataDesc"
"SM.C24.1_T5","SM.C24.1_T5","numeric","dataDesc"
